,HillClimbing,SteepestAscentHillClimbing,SteepestAscentHillClimbingWithReplacement,RandomSearch,HillClimbingWithRandomRestarts,SimmulatedAnneling,IteratedLocalSearchWithRandomRestarts
0,1.021547042838208,1.0352048040459105,1.004320541042348,1.0509213703679805,1.2595834512543314,1.3694882517930318,1.037145242805405
1,1.0465062207538807,1.0098547235619697,1.0042867631027272,1.1187060356012382,1.0508353050449046,1.1191564253302553,1.017113151277353
2,1.3108833532264241,1.0024275348390652,1.0236873747924955,1.2259779459148121,1.0572203421248731,1.4920932395564743,1.1990867216265653
3,1.0179739615480439,1.0142082122154528,1.016906196150919,1.038782443408539,1.1009523293807661,1.255096891227705,1.0776469833302267
4,1.2009584109786269,1.0094046337292835,1.0051180633674996,1.0026375985653453,1.0280435222377857,1.1953492208660839,1.1441212996861525
5,1.1867780778975137,1.015811115973448,1.0126138756235057,1.1569635815781638,1.4017274677060192,1.021561845752355,1.0319631378117675
6,1.471902774531396,1.0121481402762886,1.009906150950827,1.1837344439053612,1.2310523483631504,1.2063190858779662,1.0156007144776136
7,1.085314813914823,1.0098492007782562,1.0578461246776247,1.0945832216948426,1.300515754058985,1.3798464153145342,1.1032668023579548
8,1.1369693558087184,1.0020533716435072,1.0121348034515216,1.0767242914035968,1.1225233026276407,1.0018843075836519,1.5072196710036376
9,1.1068365749131717,1.0584987202281306,1.0012827710081103,1.4880248603206554,1.0639064115313266,1.2416066262335428,1.4094978504276003
,HillClimbing,SteepestAscentHillClimbing,SteepestAscentHillClimbingWithReplacement,RandomSearch,HillClimbingWithRandomRestarts,SimmulatedAnneling,IteratedLocalSearchWithRandomRestarts
0,0.1706503867774497,2.1971379325393114e-06,5.268911139402754e-07,0.003136592314952946,0.0019340494350716386,0.23544905078415201,0.7952691812676788
1,7.289962731940602e-05,2.546820210345968e-05,4.8634932654778584e-05,0.07529253166567484,0.0013344447200368537,0.004454831390865721,0.0003831155589019142
2,0.5273390924369232,8.684245396146234e-09,2.524679915665712e-07,0.007413083056762582,0.06844684387836752,0.0015183510420269941,0.007131866364377515
3,0.0022306759977037127,1.6777770959652827e-05,2.797242099408792e-09,0.005408399713087764,0.008492399399303185,0.202705892525468,0.0008093787581974765
4,0.02217497186758166,9.629386191634809e-09,5.563137732596257e-12,0.004010418612907074,0.050193093592464044,0.0010353256478311257,1.8732357454823156e-05
5,0.01378922064860999,1.6266568362635625e-06,9.756366041224762e-06,0.00022142504314558165,0.01565682912745142,0.06145593164472418,0.32062566433272344
6,0.00020449438042768886,1.8267869867152897e-07,8.513234242123885e-09,0.008418066672734703,4.759317213737235e-05,0.017726367975341273,0.00018292634633280958
7,0.05190260111205458,2.775207952714076e-07,4.7617958110271474e-07,0.3259557590694965,0.16059505188857026,0.04045039505726322,0.3573940693904226
8,0.06859019434709124,2.000039989710073e-05,1.6173718049919406e-07,6.372455416125966e-06,0.0005579663803369772,0.0036346231221195957,0.03908510294524603
9,3.1606371740829087e-07,4.2330669790431596e-07,2.0978386789868853e-08,0.05122794620783089,1.4851808152631374e-05,7.342777608104756e-05,0.06440330112600978
,HillClimbing,SteepestAscentHillClimbing,SteepestAscentHillClimbingWithReplacement,RandomSearch,HillClimbingWithRandomRestarts,SimmulatedAnneling,IteratedLocalSearchWithRandomRestarts
0,-98.02686943366128,-100.22308142371456,-100.22255679086967,-100.22292736935175,-95.76566635961358,-100.14423299450304,-100.17120969636429
1,-93.58362411536507,-100.21832139989897,-100.213865419968,-99.64161513680537,-92.29786819840977,-77.45377236936443,-93.2460508287056
2,-96.10882435864606,-100.21686955924845,-100.22090409633842,-98.5804890256082,-100.12542273013175,-93.60093007491811,-99.82897828325842
3,-80.57303388688848,-100.21478371514156,-100.21744303914551,-100.20323212800119,-100.02743467609216,-98.56438592918951,-93.04091028486661
4,-95.91905934101058,-100.22241031553853,-100.22318759118129,-100.10104874003783,-92.29786819840977,-99.98743912969125,-95.8603868167316
5,-100.02921344493768,-100.20344984104956,-100.22060593593211,-100.20177116119439,-93.86769458491639,-95.3236064052773,-92.29786819840977
6,-92.29786819840977,-100.16990100091395,-100.2221641345233,-99.36040492261724,-99.8326105788113,-99.15624304330554,-100.10078821402841
7,-80.83721973215428,-100.2213303426342,-100.22335615382846,-97.2145729261307,-99.4408745696417,-99.35240320194653,-98.03523774522805
8,-92.29786819840977,-100.21584909222089,-100.20888309235852,-99.91186472824222,-92.29786819840977,-99.50666543413115,-100.21463454709317
9,-99.97357469258633,-100.22375370073149,-100.22117122882555,-100.17507790451866,-95.15732495154987,-92.29786819840977,-100.22264040009917
,HillClimbing,SteepestAscentHillClimbing,SteepestAscentHillClimbingWithReplacement,RandomSearch,HillClimbingWithRandomRestarts,SimmulatedAnneling,IteratedLocalSearchWithRandomRestarts
0,-17.356391045846358,-18.553494125036657,-18.538273706430463,-14.82938609858662,-9.475551495991224,-17.889044388224704,-13.081912044907112
1,-15.141131910536423,-18.54688257767296,-18.547573289077086,-14.226167093705953,-14.235234588451307,-18.130944202372504,-16.445688052721717
2,-16.714262460642637,-18.545586846190147,-18.543110649658885,-14.697940188653082,-10.524578037201184,-18.058464650319834,-12.73480125838163
3,-16.070497108992267,-18.527340667330645,-18.553784996853352,-15.004103571265274,-16.2975725319058,-14.225135077300326,-11.336868596469383
4,-17.498782001574718,-18.54647993175999,-18.541766411925394,-17.582321949545328,-16.089867253429475,-17.854251757796668,-14.998136920763821
5,-17.391205052455085,-18.553576058376297,-18.552599490197558,-14.194833851868573,-17.673574599542064,-18.15351919693456,-15.122557987750396
6,-13.39851607930093,-18.552833132842657,-18.549702906007767,-11.513920467310365,-14.251844391659407,-16.968375775917586,-10.325545144309514
7,-17.21307131940381,-18.54942990708884,-18.55355155266522,-13.018416715526829,-17.30780894208507,-14.436358606513755,-14.36503580865077
8,-16.010136453172098,-18.544925203262814,-18.554639257063798,-14.657620035190595,-16.92175430050633,-17.418762484268022,-16.78533606107172
9,-16.801723562745412,-18.545448674873,-18.551044342043774,-16.71426230320996,-17.112602440963293,-18.52305165831507,-17.264693583011884
,HillClimbing,SteepestAscentHillClimbing,SteepestAscentHillClimbingWithReplacement,RandomSearch,HillClimbingWithRandomRestarts,SimmulatedAnneling,IteratedLocalSearchWithRandomRestarts
0,0.17666004110476924,-0.23080490301442025,-0.23095476775298696,-0.0135634382479638,0.08923895606234628,-0.22553861833576327,0.01256739128300649
1,-0.22921028655619957,-0.23083672009928058,-0.23091425158077783,-0.19693918388969622,0.003552192315396663,0.33016120296155305,0.22913772772566837
2,-0.14275168367287494,-0.23097063781973304,-0.23024335354182968,-0.19431249512532667,0.1213588204615152,0.3073884307142867,0.14334413126256523
3,-0.23074331035448592,-0.23092524265628978,-0.23050260138731615,-0.16653371847688836,0.06856434174516673,-0.021309205928656372,0.32640271201026183
4,-0.006331695609338661,-0.23094982104533857,-0.23061283542792577,-0.06684773880933825,-0.031125063958214794,-0.1696115666825827,-0.186518473684543
5,-0.19216025190559005,-0.23094591705211376,-0.23086201064330003,-0.07280117188391144,-0.14799704786260137,-0.1564808997934033,0.2286979677164142
6,-0.18363450052900543,-0.23097808303812983,-0.23094721915106753,-0.17908684711196132,-0.13032460457055195,0.20061648266253435,-0.004474872414668374
7,-0.19746953572855008,-0.23083369607457505,-0.23094872473852446,-0.1690638312389241,0.1228851553704205,-0.10435903214640063,-0.11368367799881296
8,-0.19999771508701092,-0.22987341633074998,-0.23093062799465558,-0.07803453800275262,-0.15824659081478898,-0.032702938333713294,0.13744124894095583
9,-0.22691464542530682,-0.2309804027331951,-0.23084928322769738,-0.10182326635908334,-0.0673424099505412,0.12315471842370651,-0.17554360372856948
,HillClimbing,SteepestAscentHillClimbing,SteepestAscentHillClimbingWithReplacement,RandomSearch,HillClimbingWithRandomRestarts,SimmulatedAnneling,IteratedLocalSearchWithRandomRestarts
0,-0.13053148435161332,-0.24326334257271798,-0.209258850305441,0.6197018333816147,-0.11687324502954799,0.1150980659089802,0.8322280950161731
1,0.09718640699096326,-0.23549534462682115,-0.22497256164298202,0.3820044293468295,0.13707855874146035,-0.06674987566322432,0.6470515499821751
2,0.04304058172535996,-0.24073669826059302,-0.16441278593900266,1.0293533971948914,-0.15650755206065148,0.4127599596876681,0.6667843881093345
3,0.5746458788301168,-0.2293085055131479,-0.24699543560773218,0.2839086532634879,-0.04819491194192338,-0.1253179904149333,0.05137466427673476
4,-0.16376703143182014,-0.2207292718777446,-0.19435838916498827,0.7056189146779022,0.08519957897552421,-0.14264030517874016,0.05048655681776004
5,0.3837298837868429,-0.21691545882649682,-0.2260791162842965,0.9730052497450129,1.274577218301645,0.6825041357287172,0.05131985132453376
6,0.16822288119241802,-0.2191682493452795,-0.24114698041184818,0.6516474450422971,0.06591597856714082,-0.15952376829086556,0.01926646507460228
7,-0.05559233915297801,-0.21473872276188438,-0.23668843339679396,0.5523340138781332,0.038818665170777034,-0.15275329267540716,-0.006616712148507231
8,-0.021005057420878714,-0.22291417573263994,-0.2417459354533445,0.005494608203427287,-0.050678690046492614,0.046776317085714836,1.0870091257205678
9,1.5300189014145642,-0.21888109585793303,-0.2398372343872811,0.7000974321308888,0.6843233740887283,-0.04552629561877486,1.022253403389747
,HillClimbing,SteepestAscentHillClimbing,SteepestAscentHillClimbingWithReplacement,RandomSearch,HillClimbingWithRandomRestarts,SimmulatedAnneling,IteratedLocalSearchWithRandomRestarts
0,0.173253917633903,1.8661974034980917e-05,0.0019255392876526927,0.22353451749985376,0.04767949065804501,0.015477423937079184,0.22240763332506872
1,0.14016370357207775,0.0010415478210810088,0.0001718408731714274,0.07309384200751201,0.0007056195805829703,0.04858533554224871,0.004766296635495243
2,0.03702795247489422,0.00015014789722786018,0.0002235308751206993,0.25352954946897394,0.17101671790463127,0.03544163955836395,0.17623375816020292
3,0.027331332974066844,0.00020647154846850608,0.0010402290767472905,0.2633347991089079,0.07475976063609543,0.017762225675998965,0.14895884157509018
4,0.12580368735545325,0.0004885508057554021,0.0003118796417671007,0.1790521268767003,0.08543655167655212,0.19013337765486799,0.018002911040545633
5,0.005632092701059228,9.496969155970358e-05,0.001164708427634357,0.14870028787418577,0.37328571102437347,0.03849215406211076,0.2651625364282305
6,0.04646061519533552,0.0004152238976728907,0.002199753628448241,0.3247022352079195,0.07254957193597322,0.11741042868355288,0.19144237506142614
7,0.017499776939102974,3.92586779347091e-05,0.001269642953055477,0.4006900538896142,0.10504974284237062,0.05280372170796351,0.5837525220560256
8,0.07084121013598567,0.00031328003531779213,0.0010741171395230928,0.17852606827902542,0.5406099609043071,0.18493717936243367,0.1115287058400287
9,0.11176390573534505,0.0010736760393332406,0.00025977655019885845,0.1280302806600464,0.11906071543638744,0.07691544142053863,0.06023948861737931
,HillClimbing,SteepestAscentHillClimbing,SteepestAscentHillClimbingWithReplacement,RandomSearch,HillClimbingWithRandomRestarts,SimmulatedAnneling,IteratedLocalSearchWithRandomRestarts
0,0.9636935932603254,0.0,0.0,1.590913145282565,0.0,0.05810145195132259,2.305595530281149
1,0.19024903963568515,0.0,0.0,0.26556488675373024,0.0,0.39465957547929287,0.0
2,1.9233166378667912,0.0,0.0,0.24105352100747007,0.45958617140342695,0.7401037991052597,0.0
3,0.4300893410407464,0.0,0.0,0.20022694098512728,0.4705741843906603,0.6997841668942679,0.14839985874638917
4,0.6040913281239989,0.0,0.0,0.1522507036668832,0.5757619355896471,0.22905999689270756,0.24279092618969228
5,0.42777185150598174,0.0,0.0,0.14053909741162118,0.0,0.2561960746485721,0.6616193986036062
6,0.32693063681785617,0.0,0.0,0.5205784963352558,0.1729360273230255,0.01806141735222237,0.0
7,0.32648863312922694,0.0,0.0,0.45886845888076017,0.0,0.07102165153597885,3.0954579900194465
8,0.07849473536226395,0.0,0.0,0.17688678407281547,0.16257794330050127,0.7010712125713126,0.38404804263926967
9,0.4268439814230242,0.0,0.0,0.0071522116610789775,0.36166305807380555,0.5589058279376972,0.0
,HillClimbing,SteepestAscentHillClimbing,SteepestAscentHillClimbingWithReplacement,RandomSearch,HillClimbingWithRandomRestarts,SimmulatedAnneling,IteratedLocalSearchWithRandomRestarts
0,-16.77747890911885,-17.88472436755931,-18.102153007621226,-13.997613905341558,-11.94376804851743,-12.615653319463767,-11.46555716338024
1,-12.17633458336725,-17.804876837145173,-18.58604514257256,-11.010629845153263,-12.053457526903042,-11.12425908066323,-12.079823718614318
2,-16.418792696711733,-16.421143739526556,-18.177536090720874,-12.18668015535112,-12.13040058260841,-11.501573156100301,-10.500626284282692
3,-11.303527585171988,-18.83036068795444,-16.591784070450725,-11.979932343580476,-15.295441844154075,-11.762843319611338,-11.275183920826514
4,-12.044891591870215,-19.49515377785825,-18.440572867785946,-10.48983667472422,-12.200710260386584,-12.029188179059297,-15.392418692234262
5,-17.02377911133062,-17.659169748059004,-18.55756190815582,-12.111904356899538,-12.090372522391593,-11.938794775733037,-13.447987395281448
6,-14.451374391134696,-19.208789731074937,-19.026965823069368,-10.587728880357933,-11.932502474608578,-10.73494332928292,-12.15737726376819
7,-13.299150304863328,-19.148016202298813,-15.137868323974773,-11.211383597298177,-12.20514126727172,-12.114398366132614,-11.053958803115531
8,-15.905301763285426,-17.56806033486082,-19.457905399853747,-11.3664103503344,-13.264827406009239,-13.760083610617494,-12.950443893691284
9,-13.671466884710373,-19.36038252887439,-17.113000668997845,-11.059673690509051,-14.221348904433746,-12.249545311365846,-15.255670718669029
,HillClimbing,SteepestAscentHillClimbing,SteepestAscentHillClimbingWithReplacement,RandomSearch,HillClimbingWithRandomRestarts,SimmulatedAnneling,IteratedLocalSearchWithRandomRestarts
0,0.028730366485168468,0.020631684247874205,0.006057399812916642,0.023586413103336312,0.023424348502411596,0.025853561298651462,0.05539075431016771
1,0.038087473689237705,0.01977987878821652,0.006057098117799087,0.04994370931144154,0.18987012047928498,0.04670960301249283,0.09061439049932829
2,0.04734786270525415,8.569357445198378e-06,1.2113492412035853e-05,0.10151805847347295,0.03125528541489542,0.021512125939132765,0.03225317918970494
3,0.007635005380578597,0.009942211597389616,0.008700193394212019,0.03294225213575308,0.14820391265965405,0.06363177395082076,0.009956524159494329
4,0.02100037044102354,0.02466693665533981,0.009688365218062822,0.03707586560592768,0.1598693999374794,0.013755456686251666,0.017220705125358893
5,0.0768601848250493,0.0010042530678381345,0.024673138112395465,0.03194633284003834,0.019680742181891975,0.025596191070705432,0.04384553043354089
6,0.038343833145706996,0.010479049090232784,0.0025028419824770776,0.045333202961740704,0.09073469096184361,0.01292114693932167,0.08004023140434813
7,0.04584970107249753,0.00557367522531016,0.025140050286278415,0.025797400058678144,0.009999854005042552,0.029393685596098895,0.14031933932671192
8,0.08899135337686581,0.019864586890631752,0.010416969282364352,0.02023845727671858,0.06752392478072677,0.026173639626550282,0.08678963549342444
9,0.06854554167374305,0.020195994692130848,0.005546898458843708,0.02855578109943746,0.02347894958204466,0.04062256310507939,0.05037305828115213
,HillClimbing,SteepestAscentHillClimbing,SteepestAscentHillClimbingWithReplacement,RandomSearch,HillClimbingWithRandomRestarts,SimmulatedAnneling,IteratedLocalSearchWithRandomRestarts
0,2.0612064713939655,0.15881315489165226,0.6907340888341974,11.285627576963629,2.109478424453854,1.230464322742129,3.275087484743339
1,2.5243185280077065,0.03071226221816269,0.8430677784783905,9.546255566986861,2.272340607291644,2.302945937428346,1.7003683285717173
2,1.1161890281661566,0.266470364759754,0.6747023580771564,8.386056946498282,7.330468635226893,1.211031959478269,3.2662813520402434
3,1.1380909837296722,0.3043198980980396,0.6451163486343162,8.941208621970038,2.168001190494726,0.6526666031153376,5.050542905947725
4,2.077960661683121,0.2278084915577604,0.7003585046230657,4.301671528506338,5.158203092606616,1.5867433388833447,15.082423631247345
5,0.5841807483990005,0.23435185138806663,0.42876056020423486,8.288314514358769,3.139553935916371,3.1915859000056415,5.193138072616489
6,2.320631823050088,0.1495750443238143,1.1065281641853257,8.970960645857476,2.530530692678061,4.4795790660373225,1.3158422635162974
7,3.2382619181833774,0.40490419271065575,0.49505802678872224,7.010913177725813,6.676159708684593,1.666425928471258,6.00632264419535
8,2.8809861822161675,0.13141429333090174,0.7028378644506523,3.6513738189540836,4.932620739719496,0.8206560947280473,9.473085740764267
9,2.3692488043952302,0.39534434799535784,1.085549225457114,5.202389481535955,2.809010615333582,4.012875143339751,1.8937740781482197
,HillClimbing,SteepestAscentHillClimbing,SteepestAscentHillClimbingWithReplacement,RandomSearch,HillClimbingWithRandomRestarts,SimmulatedAnneling,IteratedLocalSearchWithRandomRestarts
0,5.851440001453355,3.210938441106693,3.2999760385913373,22.78482244372367,7.670510644594418,7.407128554481309,7.299528665291327
1,2.9968278642788917,1.7228597489259125,3.5355959861552093,18.812626217422537,10.356219257754082,3.6383074287940333,11.27057639221638
2,2.7015436718899974,2.815187574059443,3.582216283250883,11.309473018395147,7.719669973642908,7.909433211792211,5.751484917818898
3,4.32291490933123,2.4593431882175474,1.1066935245957885,16.626437641329023,7.735887031307818,5.111338146625069,12.363591813595484
4,6.09199667881203,2.742215148644952,3.5336668168397787,11.498499220191352,18.530511002372926,4.1382250756248755,8.071529085451909
5,5.368307088944358,1.730338191995965,1.254851363493005,17.93714749250148,6.079990386509411,6.30034033335693,14.927914380049806
6,7.478690200698324,2.541405459936225,2.805541905154713,9.256758140889971,8.62010760649518,2.10824449213236,10.542570879370556
7,5.834659446183085,0.46288963015528983,1.9006969640514098,9.95895879020549,6.54567714272343,8.786793292960194,6.756764697013121
8,2.950334700162638,1.8386103695809002,0.0,11.891503414030911,19.90164691368821,5.39743455949655,44.792458377212505
9,7.868107703468627,4.630932806230726,3.8182966357748223,19.076969618887198,8.002010348852233,5.517074549046939,8.512910385001607
,HillClimbing,SteepestAscentHillClimbing,SteepestAscentHillClimbingWithReplacement,RandomSearch,HillClimbingWithRandomRestarts,SimmulatedAnneling,IteratedLocalSearchWithRandomRestarts
0,-10.133837862843341,-35.75587965870189,-36.089215454352995,-6.842579095627146,-15.5155919829798,-21.28817826400878,-5.268503820774115
1,-25.77235742895328,-34.9512533736852,-33.39198522004354,-25.29035412258786,-20.852555720910107,-28.308931804663324,-9.725339246810016
2,-20.226138428801505,-32.99787116616685,-30.031621849994885,-14.270827181743334,-13.890678591373678,-27.05800646073704,-11.328988868262062
3,-25.443444511295166,-33.41634946917055,-33.97322375542628,-0.1607573750550877,-22.281638667392418,-19.436121444020465,-12.403261288822033
4,-27.758152554784683,-30.646460429406808,-27.515698625090792,-15.850543528814685,-21.449542215837663,-21.28547540605741,-9.938640773512063
5,-25.06568115672471,-36.2506405251635,-28.45924514677117,-4.621917686590628,-22.12815654739933,-15.153828813742864,-10.84970356477984
6,-26.1483150407226,-37.31154724716032,-36.05533548683053,-18.691742934244182,-31.536189004480555,-18.442209361196902,-24.887637691390513
7,-25.78000124315501,-38.93872559672102,-32.37632081739342,-17.24204031662687,-9.31270573808989,-14.808788497302936,-22.423973665467813
8,-26.48608676463757,-39.65492750545995,-27.549009390846024,-10.259637430003671,-27.040696915716296,-29.16459857423704,-30.034610628246075
9,-16.5771535432754,-32.965456300414566,-31.442901678715323,-1.3793505983831125,-6.603105112938654,-28.49554964037803,-22.48628429738231
,HillClimbing,SteepestAscentHillClimbing,SteepestAscentHillClimbingWithReplacement,RandomSearch,HillClimbingWithRandomRestarts,SimmulatedAnneling,IteratedLocalSearchWithRandomRestarts
0,0.20684518911499383,0.03497146493531322,0.0837423864497252,0.31904332346307185,0.5549068300753918,0.309395376427104,0.49477284358124773
1,0.3847251490973356,0.07448373271293351,0.11806780673914707,0.2737530336068248,0.3091393277833342,0.22316236945300405,0.4986284228123673
2,0.1264157001708719,0.08866128814819918,0.16533992218889226,0.3948736945084024,0.34676322190882614,0.39631702258272383,0.5280428205134925
3,0.3514280688332678,0.06665408615677704,0.09653412654671045,0.4669741452257131,0.28761447789567884,0.22881359069010765,0.24254788104674296
4,0.30932659136865837,0.08287066312376501,0.12012998971566868,0.49063299633432333,0.3986504131223475,0.4963735760653649,0.45725385417602105
5,0.4919815596084698,0.0564293145707675,0.19677923225030658,0.1861169918800496,0.44781813693312045,0.22948451195750186,0.3069281889929302
6,0.31532098146567256,0.11909209333713155,0.21069547709376846,0.22095600911558588,0.45631391441816205,0.2342822799446268,0.4538090350464511
7,0.25659338876891047,0.08235009110876457,0.16820255805835316,0.3712989627686697,0.2928096141171068,0.2713767308319259,0.39439351551436574
8,0.388171226783805,0.051897580816616995,0.27388740982096416,0.6249823012592933,0.5212146705976674,0.3741199505416103,0.32223941232014397
9,0.07994975129713033,0.13981264761900847,0.23244184562633463,0.3283492829363891,0.34431840295029315,0.2537146504465527,0.37966250560794124
,HillClimbing,SteepestAscentHillClimbing,SteepestAscentHillClimbingWithReplacement,RandomSearch,HillClimbingWithRandomRestarts,SimmulatedAnneling,IteratedLocalSearchWithRandomRestarts
0,8.035216646072474,4.307756427508216,7.100984705805088,32.81728138129659,34.90254504614667,15.704599438259722,26.11057634970607
1,19.242722264265915,4.1336070415609525,9.81314732280739,35.27470016604031,34.333290953102306,21.160440189776043,36.70897358106578
2,23.483694550442827,6.365819784296817,4.21699758657104,39.96594405512712,33.23069789927336,33.57361174903444,33.01587165674915
3,20.85593636400311,5.425590479176692,10.776571841714,33.2814936195798,28.72863126927453,31.135024506876366,42.18053015674215
4,22.569618981908846,4.883674769786562,7.443038340651629,26.62841772277781,21.299056717070826,19.327413123930913,31.360891647494547
5,14.613299828294565,5.537697133589234,8.551897367084994,27.00863369667832,41.23430807494759,30.55180461575539,36.52141840576081
6,5.499363394213808,3.2177600254722956,4.86795723949544,19.865350270920136,31.10588900482853,29.477289495765028,21.172563249597854
7,25.239280967552123,2.125070893942223,5.736306128329677,32.9487900550711,21.52762565427568,23.352183347686935,28.45356147886285
8,13.927271681068497,7.346400751836088,7.3081889642312055,28.56013855390144,24.265297720900097,24.73774068602278,34.707600275793126
9,16.274604730756632,6.173578274187181,14.06250756417185,34.55131162959739,13.22592422223206,22.30079138339339,20.73144711336479
,HillClimbing,SteepestAscentHillClimbing,SteepestAscentHillClimbingWithReplacement,RandomSearch,HillClimbingWithRandomRestarts,SimmulatedAnneling,IteratedLocalSearchWithRandomRestarts
0,39.60645486620925,11.558869512658486,17.396229317337212,105.89515971432596,93.00485788655503,79.52285770124902,151.20586151361852
1,43.94974025482438,10.64181139300743,12.601609956928844,104.02029626202744,94.65089078449641,16.277543969478874,132.35640726065532
2,42.84018859007589,15.601448210851348,15.174496424327673,153.30026087797287,85.65997355147448,77.53430829419665,120.27958480259196
3,25.18919818543319,11.263139230635774,14.318585239236008,114.20313168737133,163.3640785488539,30.012186032838578,58.71186930601372
4,42.1511556777955,13.806336749810795,14.27454198873769,111.9791660726849,57.29069063771969,37.74201398443688,77.29473862601363
5,41.75749409854129,13.186037488015106,17.906432438903327,87.23160794940105,105.64980326849188,53.8748955606306,113.69264316978081
6,24.771741358312624,13.171302063869746,16.284307218848912,102.15359760297778,92.88144334028331,20.828615038497023,107.53677729858467
7,37.6423927681998,11.622637525535149,14.930452302533576,98.41006062337944,89.15778951492315,27.936497025138067,59.947657135195925
8,43.42113831159321,10.097643149434214,11.440974909918012,108.621663791486,102.84234867066269,32.54173415193284,36.20317247687714
9,20.345930973886748,9.979597510013507,17.657046841130615,81.62576674968685,73.0300428804432,15.365038169485025,111.1128282085044
,HillClimbing,SteepestAscentHillClimbing,SteepestAscentHillClimbingWithReplacement,RandomSearch,HillClimbingWithRandomRestarts,SimmulatedAnneling,IteratedLocalSearchWithRandomRestarts
0,-1.3889847629386125,-49.61022504134815,-33.29547331072538,-21.84943719984963,-7.814434287724689,-26.768697163003505,-19.823159292881975
1,-19.56446890415542,-54.95720890564698,-42.9042229062259,8.592262033841575,-11.202904087019949,-19.527928052440693,-10.431901311051021
2,-10.257976687990308,-50.184724855191064,-38.22022739221188,-7.278950255376122,-17.441779608000115,-21.60387856125413,-7.541351570860669
3,-22.774965047236172,-52.643226614639424,-37.739831743947065,-7.60654703099927,-14.369561202433005,-14.28641805067691,-11.074341861648211
4,-32.800083426597546,-59.289327677186016,-44.63746255371255,-13.162247265531494,-5.541237046482161,-3.7486288090619206,8.229543554531515
5,-3.3603950666126767,-40.935284757301716,-52.75738142282637,8.530307813265049,-12.358793400137564,-26.095495161748122,-5.608824062510398
6,-27.94403112671239,-47.809338952000466,-35.21406957825235,3.8623771221313135,-4.8369178038932565,-44.30723782564796,-6.785041059724644
7,-5.283514540374709,-46.43461224426604,-54.02337618687163,-30.70421053410491,-23.159791607899397,-32.16253781180987,-20.972551478267135
8,-6.5289654797501875,-45.494468207341384,-26.99011612025884,-2.7766556368577033,-11.886106359526416,-45.70436229500249,-14.39294196430572
9,-24.693515662144968,-42.188803618111386,-40.83049824003112,-37.486055292951804,-4.715514518029987,-10.93458162817416,1.4481397240542875
,HillClimbing,SteepestAscentHillClimbing,SteepestAscentHillClimbingWithReplacement,RandomSearch,HillClimbingWithRandomRestarts,SimmulatedAnneling,IteratedLocalSearchWithRandomRestarts
0,0.8668052981399665,0.27093308568265895,0.6397922129420701,0.9747509261513203,0.834533272629719,0.8304232177599575,0.8627440817363287
1,0.8565924110451473,0.5985921360240325,0.7242076826679777,0.9478957680907354,0.9976482311020808,0.9558934978784703,0.8101439298987694
2,0.6727377063792557,0.47811498886472137,0.6612005521900446,0.7070239465942074,0.870294387653284,0.9382008074661807,0.8056731897546328
3,0.9402813226979271,0.4587187348104458,0.5474077797003959,1.016994887228225,0.8472263102513224,0.8169125017656227,0.995651359618344
4,0.748338962060486,0.5833345675989561,0.4644277130787545,0.9504886742441029,0.9043775057822838,0.7446887465597408,0.9254914056591349
5,0.7178447061265536,0.37436406860230065,0.5259961421710728,0.9239702426086944,0.8234417191868721,0.8809162584487895,0.9409536786394537
6,0.8594262493290602,0.5482221396032132,0.7312088334490006,0.9604074795428234,0.961656062346737,0.4772265237973319,0.8154504402597882
7,0.7947634900806622,0.4564561436307545,0.72865931418891,0.9715959670088272,0.9553844131601281,0.8321318672768006,1.0040040741116198
8,0.8213378673063405,0.4430919181563261,0.5844812200209274,0.9683541531866227,0.694089077641205,0.970344392871998,0.8307547773640731
9,0.7693538272857221,0.5947227026642514,0.6287943996281372,0.9756140191288968,0.7795232220478528,0.8785080640092475,0.759590157448804
,HillClimbing,SteepestAscentHillClimbing,SteepestAscentHillClimbingWithReplacement,RandomSearch,HillClimbingWithRandomRestarts,SimmulatedAnneling,IteratedLocalSearchWithRandomRestarts
0,810.077783220219,628.780400335925,748.3061996347044,597.9436146553917,717.3857315258736,789.3744857862544,757.3247549135907
1,784.2525032470268,578.739646288771,691.5698712772968,661.7029837601015,663.09359736132,804.1593520346762,836.3915996270126
2,842.3770070834388,610.7369457786805,679.5440232312826,605.5760918205164,756.5915494348375,841.2923004642392,742.4443168316251
3,735.8630297109243,657.6556748473238,654.521301322594,633.8335574437001,653.0019267419183,805.1052097813309,782.706646357128
4,780.1137447738878,637.1577616836756,703.9476507062355,621.7289205177906,694.254023253595,804.6073143145276,803.0054117956006
5,743.2725223908465,656.9330521592628,734.228174535967,638.7520925237708,778.269547701744,771.748845020121,768.3688709600171
6,703.3552678074175,588.5855887919142,679.9488723180824,614.0724618446733,742.4800014772076,768.3837040070993,701.8866112181885
7,779.0072101781874,636.7676768061713,773.7547052823525,679.2491803726838,732.7136274089378,770.620110998935,826.410675954293
8,791.6343997058607,639.9045972655731,707.2469092661005,597.5048252828307,769.9082276787282,858.4857959620238,837.2285234936634
9,861.1732129933309,588.68448046593,694.1352359674113,681.1522972278896,750.3261276971089,878.4690259481315,868.8871422173999
,HillClimbing,SteepestAscentHillClimbing,SteepestAscentHillClimbingWithReplacement,RandomSearch,HillClimbingWithRandomRestarts,SimmulatedAnneling,IteratedLocalSearchWithRandomRestarts
0,2964.3983022486977,1661.242257094465,1977.476617621164,3684.1739200259144,4039.023376384249,2915.750319486099,4643.2649801132075
1,3379.226005182341,1564.0486046796805,2288.6121400913935,3991.503928443672,4595.318448861671,3071.409696054606,4830.9649244735765
2,3228.6245943595763,1705.500555892026,2041.5217796888148,3845.2690752986523,4496.671568880855,3053.6227098191607,4371.020944177
3,4187.658162427921,1437.9852266597843,1869.5475961334644,3301.4203480784545,4494.211422371678,3588.942777047221,4690.941852308796
4,3494.6753197614503,1897.1129321128988,2117.296679706943,3673.506364896102,4050.249484097401,4125.493101168864,3993.878096850732
5,3374.8611675215334,1676.6381206307938,1985.1494288454946,3716.9596840515514,3930.900288572435,3624.265072115094,5253.388759779996
6,3245.4962656223433,1351.7600908578152,2184.6818004276947,3925.2029452640545,4059.3282434626703,2906.024630691758,5115.079698183221
7,3753.9019976905615,1540.0254887792007,2406.398928993151,3634.2533229873047,4114.558620202531,2786.021349255551,4890.892169752136
8,3075.157767491629,1416.9077755157225,2203.335119542241,3972.850442847332,4459.827517187279,3713.2089696429,4401.15917935151
9,3061.8451213164913,1517.6620099986064,2105.9304281691957,3443.033914978282,3162.0102320368583,3389.7046022465,3922.3024366834074
,HillClimbing,SteepestAscentHillClimbing,SteepestAscentHillClimbingWithReplacement,RandomSearch,HillClimbingWithRandomRestarts,SimmulatedAnneling,IteratedLocalSearchWithRandomRestarts
0,422.91820074790314,271.24902262875395,403.08874347017183,437.7293872205037,501.16145810593713,454.63142611302004,497.99559606623757
1,450.3349411373395,284.0480054840749,320.94477796384706,448.7297949602556,442.5859783528705,438.80577645836587,496.8265029288035
2,527.3464266354788,259.240308252456,362.70585632292097,422.6218675360695,526.7976147685383,392.44948180892175,632.8568783081441
3,416.4848313624875,249.17236199740142,366.23586648504636,410.6699971434424,374.1847455568933,387.11677999624857,523.25260116273
4,388.0976977832748,318.2957405073717,326.020654963726,382.6593391803161,502.10695105318104,433.2206088982308,512.0320899373131
5,484.4485119324839,286.98829800231994,377.05385023891284,464.53916169170935,518.97885254903,406.45692545979654,509.14853491417296
6,411.40258521448243,310.0990821257125,317.9832686130745,258.74469253217654,384.4467150235541,477.1827313330858,474.5601922010313
7,512.0796657287425,283.8464965985306,321.4740947142143,389.96940826700825,485.26252154778933,528.4578469151044,475.36398159147586
8,450.2501709014492,307.3735542356654,314.31784618585465,484.48756491227357,475.897047902092,379.75346069718285,491.49131145668144
9,426.0700452331185,198.09811361021156,361.23869067350205,378.9114146710352,448.5273788515415,504.7417826098223,475.32527952975045
,HillClimbing,SteepestAscentHillClimbing,SteepestAscentHillClimbingWithReplacement,RandomSearch,HillClimbingWithRandomRestarts,SimmulatedAnneling,IteratedLocalSearchWithRandomRestarts
0,1.6408172277918727,1.3935472288647082,1.4390134479214853,1.6477876622891914,1.6773404731006063,1.6839789495559847,1.7682761587095819
1,1.7615568407648166,1.3993265500682903,1.4883214872659039,1.6803624347813333,1.748844662095382,1.5333841278072244,1.798605623055448
2,1.6247593759050032,1.3166290591341219,1.4913186707502304,1.66291795137926,1.6755467318959756,1.628817702262865,1.7657588555144856
3,1.646971685271007,1.4339688611698997,1.5030444125828204,1.6311191649930075,1.7263294290882363,1.676127850881283,1.830274695551551
4,1.5859837510830528,1.3784685732709567,1.5323359702755182,1.7272302806103104,1.68734456552463,1.6628431529627847,1.7722876618349357
5,1.6982030215937414,1.362558696569012,1.5062679784852882,1.6587584891044849,1.6764734007377364,1.6549883822080904,1.7730009504653208
6,1.5167919670952668,1.419922359575481,1.52139326962169,1.6802449067149055,1.7080719121455887,1.7055272692932069,1.7004922454586817
7,1.6428545594981132,1.3997034886880146,1.5033091161568701,1.6554789117921342,1.645080237226535,1.5982965533112514,1.6577344138863699
8,1.5931279584491533,1.4520115692550488,1.5062194364747756,1.5790214533173685,1.650520781877789,1.54694737530087,1.6682478229598188
9,1.6483359581636225,1.440534886550632,1.5272481056246003,1.6616154971913872,1.6996993913483052,1.5699838677060358,1.7923701196527058
,HillClimbing,SteepestAscentHillClimbing,SteepestAscentHillClimbingWithReplacement,RandomSearch,HillClimbingWithRandomRestarts,SimmulatedAnneling,IteratedLocalSearchWithRandomRestarts
0,8253.931062604466,8528.121980883134,8405.245204003395,7872.118982886416,8270.758589007219,8494.950703367327,7862.197337081789
1,8535.406069059833,8273.257297574652,8463.00503074936,7813.8537860219085,8166.8820444877565,8162.731886832004,8554.894042149439
2,8049.674730749037,7990.24979198887,7988.265974945769,7850.272909611681,7941.646934262068,8262.890696594939,8546.998525781608
3,8128.170423746595,8333.54035246887,8154.661532596488,7693.553748934699,8120.41232862625,8584.973158687457,8659.4569349484
4,8226.652874265252,8467.876209418462,8210.735996754185,7801.988581647885,8077.667884912561,8245.061002291617,8292.50241525273
5,8187.470144766285,8585.117907543494,8239.729365122157,7753.768084637519,8100.900205134217,8232.995109692989,8712.956194438928
6,8245.660615465376,8487.44511596616,8008.831012896828,7798.996596488209,7839.081964678402,8346.104833349733,8116.552492686307
7,8306.308278969724,8076.641176867551,8347.006567462535,7779.21964699708,7751.369835119885,8326.943733083968,8284.187071275674
8,8072.61753295838,8625.596375133546,7987.209335659672,7765.478898230326,8221.480558290086,8749.446223824578,8468.03873479436
9,8229.380881731146,8082.395204137125,8987.27711885885,7651.270048674477,7960.178615254054,8233.116431444401,8498.576686649763
,HillClimbing,SteepestAscentHillClimbing,SteepestAscentHillClimbingWithReplacement,RandomSearch,HillClimbingWithRandomRestarts,SimmulatedAnneling,IteratedLocalSearchWithRandomRestarts
0,54902.54969359054,46030.78505965605,50093.15259590405,47990.567788892025,51573.933191501674,54915.0870606919,53678.950412724174
1,56515.690286664394,49587.75169877206,51471.51167403207,46377.10630564091,51533.632845155356,57212.64593543209,54718.868878943846
2,58621.93472558798,51643.578540570015,50108.30846281093,49473.104675229035,52816.19108578565,53129.03602725972,55518.108182202
3,54373.108379163554,49301.732081724316,51541.688711151335,49716.86948452068,52571.14134512227,54880.93560345862,53328.245913739614
4,54344.02424849499,50871.748317889156,52532.186845877506,47184.289380530055,51273.13838746679,55382.52402344567,56628.4112288009
5,54350.60326798428,48846.967345058365,52456.81352039654,49075.13342704371,51055.665785717574,55077.39574546427,55670.422124780765
6,54175.86522500076,47568.422041100974,49590.57740902518,48025.442683245994,51767.124505782274,54873.3508187054,52468.84261638342
7,54078.72513034321,47855.5373219253,49588.59359977135,48406.24554649154,52058.4663144812,52367.86268928803,55814.989193248715
8,54604.08864645712,51572.09238829943,52394.84606399868,49664.60464733488,52191.10220131046,56102.143046288395,51039.87740225857
9,51672.34005437062,48446.435009159446,49531.97584170353,49694.76539173845,53969.01668070028,55126.80049507724,60734.844926356294
,HillClimbing,SteepestAscentHillClimbing,SteepestAscentHillClimbingWithReplacement,RandomSearch,HillClimbingWithRandomRestarts,SimmulatedAnneling,IteratedLocalSearchWithRandomRestarts
0,6001.395440207923,6133.794317192958,6375.265002101105,5765.674371004068,6019.553526181725,6419.327275870916,6362.1357184027665
1,6023.43371242513,6106.278489908421,6009.6215102134975,5777.291709238763,6193.0850259705485,6640.745701364571,5973.860123558586
2,6316.438858866364,5732.584640433717,6011.634119333333,5715.418892290314,5987.431483000784,6366.290105545815,6151.327350551388
3,6549.045467427619,6133.739798788781,6471.417201313961,5944.18684261408,5631.425551631875,6639.339650700429,6037.993626330156
4,6341.292008936459,6167.862396582697,6028.177308346954,5479.908229478607,5969.837603029589,6565.392230376006,6527.139070481306
5,5962.981662356696,5830.035197946288,5927.061251199906,5818.968479467246,5825.058761002468,6457.016574358091,6199.517971431006
6,6301.871936803945,6171.1979094639155,6430.485251148297,5804.677636084054,5886.050707454201,6238.334668090592,6912.601302618792
7,5924.388261808222,6280.561100259929,6412.104020689451,5620.639821548429,6077.6482231965465,6450.44828898386,6209.550789493724
8,6026.594552199793,5991.286143370937,6258.540315635857,5824.303941987177,5805.4461529287855,6387.087890362806,6346.896892257674
9,5994.759968940366,5883.824313641143,6156.301949062327,5711.131347077353,5958.259818635801,6400.624212548705,6582.798457240363
,HillClimbing,SteepestAscentHillClimbing,SteepestAscentHillClimbingWithReplacement,RandomSearch,HillClimbingWithRandomRestarts,SimmulatedAnneling,IteratedLocalSearchWithRandomRestarts
0,9.342701419455747,9.23523660440033,9.512055066482233,8.835071371796255,8.986901476124649,9.416833043689186,9.57513157841752
1,9.134559599887824,9.165127250974809,9.359615030782109,8.854322647416463,8.894422899068948,9.286898461142991,9.433150193503764
2,9.324947031242676,9.214450058183903,9.374071851974927,8.850551608074788,8.797692556650698,9.413553336609837,9.166230908284742
3,9.359248115593434,9.395505804198438,9.57693941498916,8.710082277935498,9.005975983216688,9.833029190192422,9.513014182923841
4,9.293650438690806,9.290427228721368,9.657203879929849,8.552360861158,8.924127834396591,9.11959843140892,8.834936274505562
5,9.232042291926495,9.446155305501106,9.36528452441501,8.779430352554137,9.193447176514047,10.170439369496869,9.990323213484075
6,9.555951750047521,9.313248269996482,9.491478728698093,8.761873704305943,9.141829306658861,9.45437096868821,9.278529652596655
7,9.197134870857894,9.162863901434749,9.495589676447551,8.809759471267453,9.11251167994966,9.195204727304288,9.366322628678265
8,8.975944015385846,9.467770904196907,9.650206452894796,8.80254360984653,9.037245505661748,9.413403471548028,9.757399717010113
9,9.074880498455297,9.50528290058051,9.793228668891315,8.780598051623445,9.224855568314178,9.154546855929999,9.410942959690932
